id,created_at,updated_at,state
5fa06ab2-bd7d-4356-a9c0-5ac7d7cb5809,1778958775853,1778958788378,
603410f8-5341-4362-ae32-c683700afd3e,1779218574245,1779218593141,"{""respuestasVocacionales"":[""Programar"",""Sofware""],""respuestasModificadores"":[""Flexibilidad"",""Autodidacta""],""categoriaPrincipal"":""tecnica"",""modificadorEntorno"":""flexible"",""modificadorAprendizaje"":""autodidacta""}"
68600dfd-e468-46e9-b5e0-d7184efcd0e2,1778957823666,1778957841428,
6b672ac1-ac80-45f2-84a0-2bfe5eb26670,1779002093285,1779002175769,
6d1438c7-d373-4d77-bac5-cb4a6789e15f,1779002598550,1779002623860,
6e9d9fa4-6359-478d-97ed-c818179b8be9,1778957663355,1778957671364,
6f145fd1-6db9-41dc-9d89-0c989b93c53e,1778956494041,1778956494044,
701b6cb3-3464-4b39-9b9c-db627c546d30,1779216497703,1779216511019,"{""respuestasVocacionales"":[""Disfruto mucho ayudando a la gente, enseñando cosas nuevas y apoyando a los estudiantes con dificultades en sus estudios."",""Docencia y formación""],""respuestasModificadores"":[""Flexibilidad."",""Autodidacta.""],""categoriaPrincipal"":""social"",""modificadorEntorno"":null}"
709402df-a928-40e9-bdb9-e57f1a60aaf5,1778956020825,1778956020828,
